{
  "set": {
    "6288980152187@s.whatsapp.net": {
      "lang": "id",
      "limit": 0,
      "uang": 0,
      "status": 0,
      "join": true,
      "public": false,
      "anticall": false,
      "original": true,
      "readsw": false,
      "autobio": false,
      "autoread": false,
      "antispam": false,
      "autotyping": false,
      "multiprefix": false,
      "template": "textMessage"
    }
  },
  "users": {
    "6288980152187@s.whatsapp.net": {
      "vip": false,
      "afkTime": -1,
      "afkReason": "",
      "limit": 498,
      "uang": 10000,
      "lastclaim": 1751345340295,
      "lastbegal": 1751345340295,
      "lastrampok": 1751345340295
    },
    "6281277721026@s.whatsapp.net": {
      "vip": false,
      "afkTime": -1,
      "afkReason": "",
      "limit": 15,
      "uang": 10000,
      "lastclaim": 1751345408156,
      "lastbegal": 1751345408156,
      "lastrampok": 1751345408156
    },
    "6288276554694@s.whatsapp.net": {
      "vip": false,
      "afkTime": -1,
      "afkReason": "",
      "limit": 15,
      "uang": 10000,
      "lastclaim": 1751345408403,
      "lastbegal": 1751345408403,
      "lastrampok": 1751345408403
    },
    "6289605352200@s.whatsapp.net": {
      "vip": false,
      "afkTime": -1,
      "afkReason": "",
      "limit": 15,
      "uang": 10000,
      "lastclaim": 1751345409209,
      "lastbegal": 1751345409209,
      "lastrampok": 1751345409209
    },
    "6285974145313@s.whatsapp.net": {
      "vip": false,
      "afkTime": -1,
      "afkReason": "",
      "limit": 15,
      "uang": 10000,
      "lastclaim": 1751345456819,
      "lastbegal": 1751345456819,
      "lastrampok": 1751345456819
    },
    "6287760806087@s.whatsapp.net": {
      "vip": false,
      "afkTime": -1,
      "afkReason": "",
      "limit": 15,
      "uang": 10000,
      "lastclaim": 1751345526603,
      "lastbegal": 1751345526603,
      "lastrampok": 1751345526603
    },
    "6285194102121@s.whatsapp.net": {
      "vip": false,
      "afkTime": -1,
      "afkReason": "",
      "limit": 15,
      "uang": 10000,
      "lastclaim": 1751345533562,
      "lastbegal": 1751345533562,
      "lastrampok": 1751345533562
    },
    "6285174340858@s.whatsapp.net": {
      "vip": false,
      "afkTime": -1,
      "afkReason": "",
      "limit": 15,
      "uang": 10000,
      "lastclaim": 1751345544660,
      "lastbegal": 1751345544660,
      "lastrampok": 1751345544660
    },
    "6283170388887@s.whatsapp.net": {
      "vip": false,
      "afkTime": -1,
      "afkReason": "",
      "limit": 15,
      "uang": 10000,
      "lastclaim": 1751346596016,
      "lastbegal": 1751346596016,
      "lastrampok": 1751346596016
    },
    "6283854025278@s.whatsapp.net": {
      "vip": false,
      "afkTime": -1,
      "afkReason": "",
      "limit": 15,
      "uang": 10000,
      "lastclaim": 1751375205516,
      "lastbegal": 1751375205516,
      "lastrampok": 1751375205516
    },
    "6285142794348@s.whatsapp.net": {
      "vip": false,
      "afkTime": -1,
      "afkReason": "",
      "limit": 15,
      "uang": 10000,
      "lastclaim": 1751375212963,
      "lastbegal": 1751375212963,
      "lastrampok": 1751375212963
    },
    "6285182296700@s.whatsapp.net": {
      "vip": false,
      "afkTime": -1,
      "afkReason": "",
      "limit": 15,
      "uang": 10000,
      "lastclaim": 1751375264790,
      "lastbegal": 1751375264790,
      "lastrampok": 1751375264790
    },
    "6288218215241@s.whatsapp.net": {
      "vip": false,
      "afkTime": -1,
      "afkReason": "",
      "limit": 15,
      "uang": 10000,
      "lastclaim": 1751375498757,
      "lastbegal": 1751375498757,
      "lastrampok": 1751375498757
    },
    "6283854545046@s.whatsapp.net": {
      "vip": false,
      "afkTime": -1,
      "afkReason": "",
      "limit": 15,
      "uang": 10000,
      "lastclaim": 1751375599493,
      "lastbegal": 1751375599493,
      "lastrampok": 1751375599493
    },
    "6289523122764@s.whatsapp.net": {
      "vip": false,
      "afkTime": -1,
      "afkReason": "",
      "limit": 15,
      "uang": 10000,
      "lastclaim": 1751375624644,
      "lastbegal": 1751375624644,
      "lastrampok": 1751375624644
    },
    "6282333846366@s.whatsapp.net": {
      "vip": false,
      "afkTime": -1,
      "afkReason": "",
      "limit": 15,
      "uang": 10000,
      "lastclaim": 1751375625672,
      "lastbegal": 1751375625672,
      "lastrampok": 1751375625672
    },
    "6281360469487@s.whatsapp.net": {
      "vip": false,
      "afkTime": -1,
      "afkReason": "",
      "limit": 15,
      "uang": 10000,
      "lastclaim": 1751375669110,
      "lastbegal": 1751375669110,
      "lastrampok": 1751375669110
    },
    "6285722148035@s.whatsapp.net": {
      "vip": false,
      "afkTime": -1,
      "afkReason": "",
      "limit": 15,
      "uang": 10000,
      "lastclaim": 1751375771553,
      "lastbegal": 1751375771553,
      "lastrampok": 1751375771553
    },
    "62895414863010@s.whatsapp.net": {
      "vip": false,
      "afkTime": -1,
      "afkReason": "",
      "limit": 15,
      "uang": 10000,
      "lastclaim": 1751375822043,
      "lastbegal": 1751375822043,
      "lastrampok": 1751375822043
    },
    "6289501269996@s.whatsapp.net": {
      "vip": false,
      "afkTime": -1,
      "afkReason": "",
      "limit": 15,
      "uang": 10000,
      "lastclaim": 1751375944141,
      "lastbegal": 1751375944141,
      "lastrampok": 1751375944141
    },
    "120363198691979061@g.us": {
      "vip": false,
      "afkTime": -1,
      "afkReason": "",
      "limit": 15,
      "uang": 10000,
      "lastclaim": 1751376043644,
      "lastbegal": 1751376043644,
      "lastrampok": 1751376043644
    },
    "62895403381213@s.whatsapp.net": {
      "vip": false,
      "afkTime": -1,
      "afkReason": "",
      "limit": 15,
      "uang": 10000,
      "lastclaim": 1751376074069,
      "lastbegal": 1751376074069,
      "lastrampok": 1751376074069
    },
    "6285135046820@s.whatsapp.net": {
      "vip": false,
      "afkTime": -1,
      "afkReason": "",
      "limit": 15,
      "uang": 10000,
      "lastclaim": 1751598444101,
      "lastbegal": 1751598444101,
      "lastrampok": 1751598444101
    },
    "6281233534310@s.whatsapp.net": {
      "vip": false,
      "afkTime": -1,
      "afkReason": "",
      "limit": 15,
      "uang": 10000,
      "lastclaim": 1751599856580,
      "lastbegal": 1751599856580,
      "lastrampok": 1751599856580
    },
    "6283160213493@s.whatsapp.net": {
      "vip": false,
      "afkTime": -1,
      "afkReason": "",
      "limit": 15,
      "uang": 10000,
      "lastclaim": 1751600007552,
      "lastbegal": 1751600007552,
      "lastrampok": 1751600007552
    },
    "6285693077597@s.whatsapp.net": {
      "vip": false,
      "afkTime": -1,
      "afkReason": "",
      "limit": 15,
      "uang": 10000,
      "lastclaim": 1751600007634,
      "lastbegal": 1751600007634,
      "lastrampok": 1751600007634
    },
    "62895321622419@s.whatsapp.net": {
      "vip": false,
      "afkTime": -1,
      "afkReason": "",
      "limit": 15,
      "uang": 10000,
      "lastclaim": 1751600082625,
      "lastbegal": 1751600082625,
      "lastrampok": 1751600082625
    },
    "6285691095087@s.whatsapp.net": {
      "vip": false,
      "afkTime": -1,
      "afkReason": "",
      "limit": 15,
      "uang": 10000,
      "lastclaim": 1751600177750,
      "lastbegal": 1751600177751,
      "lastrampok": 1751600177751
    },
    "6288983280629@s.whatsapp.net": {
      "vip": false,
      "afkTime": -1,
      "afkReason": "",
      "limit": 14,
      "uang": 10000,
      "lastclaim": 1751630251426,
      "lastbegal": 1751630251426,
      "lastrampok": 1751630251426
    },
    "923421223770@s.whatsapp.net": {
      "vip": false,
      "afkTime": -1,
      "afkReason": "",
      "limit": 15,
      "uang": 10000,
      "lastclaim": 1751630334514,
      "lastbegal": 1751630334514,
      "lastrampok": 1751630334514
    },
    "6287789197911@s.whatsapp.net": {
      "vip": false,
      "afkTime": -1,
      "afkReason": "",
      "limit": 15,
      "uang": 10000,
      "lastclaim": 1751630388144,
      "lastbegal": 1751630388144,
      "lastrampok": 1751630388144
    },
    "6285865130190@s.whatsapp.net": {
      "vip": false,
      "afkTime": -1,
      "afkReason": "",
      "limit": 15,
      "uang": 10000,
      "lastclaim": 1751630489434,
      "lastbegal": 1751630489434,
      "lastrampok": 1751630489434
    },
    "6289525375218@s.whatsapp.net": {
      "vip": false,
      "afkTime": -1,
      "afkReason": "",
      "limit": 15,
      "uang": 10000,
      "lastclaim": 1751630490098,
      "lastbegal": 1751630490098,
      "lastrampok": 1751630490098
    },
    "18002428478@s.whatsapp.net": {
      "vip": false,
      "afkTime": -1,
      "afkReason": "",
      "limit": 15,
      "uang": 10000,
      "lastclaim": 1751630790842,
      "lastbegal": 1751630790843,
      "lastrampok": 1751630790843
    },
    "6282185505698@s.whatsapp.net": {
      "vip": false,
      "afkTime": -1,
      "afkReason": "",
      "limit": 14,
      "uang": 10000,
      "lastclaim": 1751630865092,
      "lastbegal": 1751630865092,
      "lastrampok": 1751630865092
    },
    "6283819768092@s.whatsapp.net": {
      "vip": false,
      "afkTime": -1,
      "afkReason": "",
      "limit": 15,
      "uang": 10000,
      "lastclaim": 1751631394419,
      "lastbegal": 1751631394419,
      "lastrampok": 1751631394419
    },
    "6285817393301@s.whatsapp.net": {
      "vip": false,
      "afkTime": -1,
      "afkReason": "",
      "limit": 13,
      "uang": 10000,
      "lastclaim": 1751631567958,
      "lastbegal": 1751631567958,
      "lastrampok": 1751631567958
    },
    "6283119995557@s.whatsapp.net": {
      "vip": false,
      "afkTime": -1,
      "afkReason": "",
      "limit": 15,
      "uang": 10000,
      "lastclaim": 1751631576337,
      "lastbegal": 1751631576337,
      "lastrampok": 1751631576337
    },
    "6281554979805@s.whatsapp.net": {
      "vip": false,
      "afkTime": -1,
      "afkReason": "",
      "limit": 15,
      "uang": 10000,
      "lastclaim": 1751631681292,
      "lastbegal": 1751631681293,
      "lastrampok": 1751631681293
    },
    "6282156245232@s.whatsapp.net": {
      "vip": false,
      "afkTime": -1,
      "afkReason": "",
      "limit": 14,
      "uang": 10000,
      "lastclaim": 1751631800891,
      "lastbegal": 1751631800891,
      "lastrampok": 1751631800891
    },
    "6283825783159@s.whatsapp.net": {
      "vip": false,
      "afkTime": -1,
      "afkReason": "",
      "limit": 15,
      "uang": 10000,
      "lastclaim": 1751632343783,
      "lastbegal": 1751632343783,
      "lastrampok": 1751632343783
    },
    "628989244520@s.whatsapp.net": {
      "vip": false,
      "afkTime": -1,
      "afkReason": "",
      "limit": 15,
      "uang": 10000,
      "lastclaim": 1751632495501,
      "lastbegal": 1751632495501,
      "lastrampok": 1751632495501
    },
    "6287870893421@s.whatsapp.net": {
      "vip": false,
      "afkTime": -1,
      "afkReason": "",
      "limit": 15,
      "uang": 10000,
      "lastclaim": 1751633106145,
      "lastbegal": 1751633106145,
      "lastrampok": 1751633106145
    },
    "120363334736301537@newsletter": {
      "vip": false,
      "afkTime": -1,
      "afkReason": "",
      "limit": 15,
      "uang": 10000,
      "lastclaim": 1751633317572,
      "lastbegal": 1751633317572,
      "lastrampok": 1751633317572
    },
    "62859131196351@s.whatsapp.net": {
      "vip": false,
      "afkTime": -1,
      "afkReason": "",
      "limit": 13,
      "uang": 10000,
      "lastclaim": 1751633533851,
      "lastbegal": 1751633533851,
      "lastrampok": 1751633533851
    },
    "6287713405273@s.whatsapp.net": {
      "vip": false,
      "afkTime": -1,
      "afkReason": "",
      "limit": 13,
      "uang": 10000,
      "lastclaim": 1751633669146,
      "lastbegal": 1751633669146,
      "lastrampok": 1751633669146
    },
    "6282127247262@s.whatsapp.net": {
      "vip": false,
      "afkTime": -1,
      "afkReason": "",
      "limit": 13,
      "uang": 10000,
      "lastclaim": 1751633880668,
      "lastbegal": 1751633880668,
      "lastrampok": 1751633880668
    },
    "6285363121648@s.whatsapp.net": {
      "vip": false,
      "afkTime": -1,
      "afkReason": "",
      "limit": 14,
      "uang": 10000,
      "lastclaim": 1751633964953,
      "lastbegal": 1751633964953,
      "lastrampok": 1751633964953
    },
    "6287752510274@s.whatsapp.net": {
      "vip": false,
      "afkTime": -1,
      "afkReason": "",
      "limit": 15,
      "uang": 10000,
      "lastclaim": 1751638701102,
      "lastbegal": 1751638701102,
      "lastrampok": 1751638701102
    },
    "6285157069906@s.whatsapp.net": {
      "vip": false,
      "afkTime": -1,
      "afkReason": "",
      "limit": 15,
      "uang": 10000,
      "lastclaim": 1751676622773,
      "lastbegal": 1751676622773,
      "lastrampok": 1751676622773
    },
    "6283890830835@s.whatsapp.net": {
      "vip": false,
      "afkTime": -1,
      "afkReason": "",
      "limit": 15,
      "uang": 10000,
      "lastclaim": 1751676625676,
      "lastbegal": 1751676625676,
      "lastrampok": 1751676625676
    },
    "6285761887491@s.whatsapp.net": {
      "vip": false,
      "afkTime": -1,
      "afkReason": "",
      "limit": 15,
      "uang": 10000,
      "lastclaim": 1751677083617,
      "lastbegal": 1751677083617,
      "lastrampok": 1751677083617
    },
    "6285272374599@s.whatsapp.net": {
      "vip": false,
      "afkTime": -1,
      "afkReason": "",
      "limit": 15,
      "uang": 10000,
      "lastclaim": 1751677632458,
      "lastbegal": 1751677632458,
      "lastrampok": 1751677632458
    },
    "6285810040030@s.whatsapp.net": {
      "vip": false,
      "afkTime": -1,
      "afkReason": "",
      "limit": 15,
      "uang": 10000,
      "lastclaim": 1751677749551,
      "lastbegal": 1751677749551,
      "lastrampok": 1751677749551
    },
    "6288291298977@s.whatsapp.net": {
      "vip": false,
      "afkTime": -1,
      "afkReason": "",
      "limit": 15,
      "uang": 10000,
      "lastclaim": 1751678004069,
      "lastbegal": 1751678004069,
      "lastrampok": 1751678004069
    },
    "66992790967@s.whatsapp.net": {
      "vip": false,
      "afkTime": -1,
      "afkReason": "",
      "limit": 15,
      "uang": 10000,
      "lastclaim": 1751678328398,
      "lastbegal": 1751678328398,
      "lastrampok": 1751678328398
    },
    "6289612008947@s.whatsapp.net": {
      "vip": false,
      "afkTime": -1,
      "afkReason": "",
      "limit": 15,
      "uang": 10000,
      "lastclaim": 1751678656154,
      "lastbegal": 1751678656154,
      "lastrampok": 1751678656154
    },
    "6283871163218@s.whatsapp.net": {
      "vip": false,
      "afkTime": -1,
      "afkReason": "",
      "limit": 15,
      "uang": 10000,
      "lastclaim": 1751679271842,
      "lastbegal": 1751679271842,
      "lastrampok": 1751679271842
    },
    "6281316072564@s.whatsapp.net": {
      "vip": false,
      "afkTime": -1,
      "afkReason": "",
      "limit": 15,
      "uang": 10000,
      "lastclaim": 1751679325138,
      "lastbegal": 1751679325138,
      "lastrampok": 1751679325138
    },
    "628819909465@s.whatsapp.net": {
      "vip": false,
      "afkTime": -1,
      "afkReason": "",
      "limit": 15,
      "uang": 10000,
      "lastclaim": 1751692492232,
      "lastbegal": 1751692492232,
      "lastrampok": 1751692492232
    },
    "62882002729759@s.whatsapp.net": {
      "vip": false,
      "afkTime": -1,
      "afkReason": "",
      "limit": 15,
      "uang": 10000,
      "lastclaim": 1751697495811,
      "lastbegal": 1751697495811,
      "lastrampok": 1751697495811
    },
    "6285834503910@s.whatsapp.net": {
      "vip": false,
      "afkTime": -1,
      "afkReason": "",
      "limit": 15,
      "uang": 10000,
      "lastclaim": 1751697507542,
      "lastbegal": 1751697507542,
      "lastrampok": 1751697507542
    },
    "6285794436506@s.whatsapp.net": {
      "vip": false,
      "afkTime": -1,
      "afkReason": "",
      "limit": 15,
      "uang": 10000,
      "lastclaim": 1751697566478,
      "lastbegal": 1751697566478,
      "lastrampok": 1751697566478
    },
    "6282312258657@s.whatsapp.net": {
      "vip": false,
      "afkTime": -1,
      "afkReason": "",
      "limit": 15,
      "uang": 10000,
      "lastclaim": 1751697907335,
      "lastbegal": 1751697907335,
      "lastrampok": 1751697907335
    },
    "6285379536910@s.whatsapp.net": {
      "vip": false,
      "afkTime": -1,
      "afkReason": "",
      "limit": 15,
      "uang": 10000,
      "lastclaim": 1751698327768,
      "lastbegal": 1751698327768,
      "lastrampok": 1751698327768
    },
    "6285642236160@s.whatsapp.net": {
      "vip": false,
      "afkTime": -1,
      "afkReason": "",
      "limit": 13,
      "uang": 10000,
      "lastclaim": 1751698424806,
      "lastbegal": 1751698424806,
      "lastrampok": 1751698424806
    },
    "6281264639010@s.whatsapp.net": {
      "vip": false,
      "afkTime": -1,
      "afkReason": "",
      "limit": 11,
      "uang": 10000,
      "lastclaim": 1751698661288,
      "lastbegal": 1751698661288,
      "lastrampok": 1751698661288
    },
    "6289601870985@s.whatsapp.net": {
      "vip": false,
      "afkTime": -1,
      "afkReason": "",
      "limit": 15,
      "uang": 10000,
      "lastclaim": 1751698889825,
      "lastbegal": 1751698889825,
      "lastrampok": 1751698889825
    },
    "62881011151992@s.whatsapp.net": {
      "vip": false,
      "afkTime": -1,
      "afkReason": "",
      "limit": 15,
      "uang": 10000,
      "lastclaim": 1751699687548,
      "lastbegal": 1751699687548,
      "lastrampok": 1751699687548
    },
    "6283188375987@s.whatsapp.net": {
      "vip": false,
      "afkTime": -1,
      "afkReason": "",
      "limit": 15,
      "uang": 10000,
      "lastclaim": 1751700199508,
      "lastbegal": 1751700199508,
      "lastrampok": 1751700199508
    },
    "6285767117606@s.whatsapp.net": {
      "vip": false,
      "afkTime": -1,
      "afkReason": "",
      "limit": 15,
      "uang": 10000,
      "lastclaim": 1751700320525,
      "lastbegal": 1751700320526,
      "lastrampok": 1751700320526
    },
    "6281229320776@s.whatsapp.net": {
      "vip": false,
      "afkTime": -1,
      "afkReason": "",
      "limit": 15,
      "uang": 10000,
      "lastclaim": 1751762486557,
      "lastbegal": 1751762486557,
      "lastrampok": 1751762486557
    },
    "6281234175913@s.whatsapp.net": {
      "vip": false,
      "afkTime": -1,
      "afkReason": "",
      "limit": 15,
      "uang": 10000,
      "lastclaim": 1751775901833,
      "lastbegal": 1751775901833,
      "lastrampok": 1751775901833
    },
    "6283862997245@s.whatsapp.net": {
      "vip": false,
      "afkTime": -1,
      "afkReason": "",
      "limit": 15,
      "uang": 10000,
      "lastclaim": 1751781290889,
      "lastbegal": 1751781290889,
      "lastrampok": 1751781290889
    },
    "6283150697028@s.whatsapp.net": {
      "vip": false,
      "afkTime": -1,
      "afkReason": "",
      "limit": 15,
      "uang": 10000,
      "lastclaim": 1751781900061,
      "lastbegal": 1751781900061,
      "lastrampok": 1751781900061
    },
    "6287740635404@s.whatsapp.net": {
      "vip": false,
      "afkTime": -1,
      "afkReason": "",
      "limit": 14,
      "uang": 10000,
      "lastclaim": 1751781962279,
      "lastbegal": 1751781962279,
      "lastrampok": 1751781962279
    },
    "639515520601@s.whatsapp.net": {
      "vip": false,
      "afkTime": -1,
      "afkReason": "",
      "limit": 15,
      "uang": 10000,
      "lastclaim": 1751781965202,
      "lastbegal": 1751781965202,
      "lastrampok": 1751781965202
    },
    "6282161558748@s.whatsapp.net": {
      "vip": false,
      "afkTime": -1,
      "afkReason": "",
      "limit": 15,
      "uang": 10000,
      "lastclaim": 1751782308691,
      "lastbegal": 1751782308691,
      "lastrampok": 1751782308691
    },
    "6285878812136@s.whatsapp.net": {
      "vip": false,
      "afkTime": -1,
      "afkReason": "",
      "limit": 15,
      "uang": 10000,
      "lastclaim": 1751782522529,
      "lastbegal": 1751782522529,
      "lastrampok": 1751782522529
    },
    "6285135019895@s.whatsapp.net": {
      "vip": false,
      "afkTime": -1,
      "afkReason": "",
      "limit": 13,
      "uang": 10000,
      "lastclaim": 1751782574340,
      "lastbegal": 1751782574340,
      "lastrampok": 1751782574340
    },
    "6285194704130@s.whatsapp.net": {
      "vip": false,
      "afkTime": -1,
      "afkReason": "",
      "limit": 15,
      "uang": 10000,
      "lastclaim": 1751782729647,
      "lastbegal": 1751782729647,
      "lastrampok": 1751782729647
    },
    "6285179691931@s.whatsapp.net": {
      "vip": false,
      "afkTime": -1,
      "afkReason": "",
      "limit": 15,
      "uang": 10000,
      "lastclaim": 1751783302138,
      "lastbegal": 1751783302138,
      "lastrampok": 1751783302138
    },
    "6283894968637@s.whatsapp.net": {
      "vip": false,
      "afkTime": -1,
      "afkReason": "",
      "limit": 15,
      "uang": 10000,
      "lastclaim": 1751786201304,
      "lastbegal": 1751786201304,
      "lastrampok": 1751786201304
    },
    "6287789753844@s.whatsapp.net": {
      "vip": false,
      "afkTime": -1,
      "afkReason": "",
      "limit": 15,
      "uang": 10000,
      "lastclaim": 1751786257451,
      "lastbegal": 1751786257451,
      "lastrampok": 1751786257451
    },
    "6283832743149@s.whatsapp.net": {
      "vip": false,
      "afkTime": -1,
      "afkReason": "",
      "limit": 15,
      "uang": 10000,
      "lastclaim": 1751786447443,
      "lastbegal": 1751786447443,
      "lastrampok": 1751786447443
    },
    "6281252676638@s.whatsapp.net": {
      "vip": false,
      "afkTime": -1,
      "afkReason": "",
      "limit": 9,
      "uang": 10000,
      "lastclaim": 1751786674492,
      "lastbegal": 1751786674492,
      "lastrampok": 1751786674492
    },
    "6285166822600@s.whatsapp.net": {
      "vip": false,
      "afkTime": -1,
      "afkReason": "",
      "limit": 15,
      "uang": 10000,
      "lastclaim": 1751787761444,
      "lastbegal": 1751787761444,
      "lastrampok": 1751787761444
    },
    "6285150896878@s.whatsapp.net": {
      "vip": false,
      "afkTime": -1,
      "afkReason": "",
      "limit": 14,
      "uang": 10000,
      "lastclaim": 1751787997828,
      "lastbegal": 1751787997829,
      "lastrampok": 1751787997829
    },
    "6288985544815@s.whatsapp.net": {
      "vip": false,
      "afkTime": -1,
      "afkReason": "",
      "limit": 15,
      "uang": 10000,
      "lastclaim": 1751852735061,
      "lastbegal": 1751852735061,
      "lastrampok": 1751852735061
    },
    "6287822706670@s.whatsapp.net": {
      "vip": false,
      "afkTime": -1,
      "afkReason": "",
      "limit": 15,
      "uang": 10000,
      "lastclaim": 1751853041608,
      "lastbegal": 1751853041608,
      "lastrampok": 1751853041608
    },
    "6288708435948@s.whatsapp.net": {
      "vip": false,
      "afkTime": -1,
      "afkReason": "",
      "limit": 15,
      "uang": 10000,
      "lastclaim": 1751853049803,
      "lastbegal": 1751853049803,
      "lastrampok": 1751853049803
    },
    "6283899737438@s.whatsapp.net": {
      "vip": false,
      "afkTime": -1,
      "afkReason": "",
      "limit": 15,
      "uang": 10000,
      "lastclaim": 1751853249413,
      "lastbegal": 1751853249413,
      "lastrampok": 1751853249413
    },
    "6289524003689@s.whatsapp.net": {
      "vip": false,
      "afkTime": -1,
      "afkReason": "",
      "limit": 15,
      "uang": 10000,
      "lastclaim": 1751853466414,
      "lastbegal": 1751853466414,
      "lastrampok": 1751853466414
    },
    "6285920603266@s.whatsapp.net": {
      "vip": false,
      "afkTime": -1,
      "afkReason": "",
      "limit": 15,
      "uang": 10000,
      "lastclaim": 1751856321809,
      "lastbegal": 1751856321809,
      "lastrampok": 1751856321809
    },
    "6285187063723@s.whatsapp.net": {
      "vip": false,
      "afkTime": -1,
      "afkReason": "",
      "limit": 15,
      "uang": 10000,
      "lastclaim": 1751856356336,
      "lastbegal": 1751856356336,
      "lastrampok": 1751856356336
    },
    "6285702469685@s.whatsapp.net": {
      "vip": false,
      "afkTime": -1,
      "afkReason": "",
      "limit": 15,
      "uang": 10000,
      "lastclaim": 1751856367732,
      "lastbegal": 1751856367732,
      "lastrampok": 1751856367732
    },
    "6283879959095@s.whatsapp.net": {
      "vip": false,
      "afkTime": -1,
      "afkReason": "",
      "limit": 15,
      "uang": 10000,
      "lastclaim": 1751856490948,
      "lastbegal": 1751856490948,
      "lastrampok": 1751856490948
    },
    "6287759218274@s.whatsapp.net": {
      "vip": false,
      "afkTime": -1,
      "afkReason": "",
      "limit": 15,
      "uang": 10000,
      "lastclaim": 1751856792374,
      "lastbegal": 1751856792374,
      "lastrampok": 1751856792374
    },
    "6289528063085@s.whatsapp.net": {
      "vip": false,
      "afkTime": -1,
      "afkReason": "",
      "limit": 15,
      "uang": 10000,
      "lastclaim": 1751857065967,
      "lastbegal": 1751857065967,
      "lastrampok": 1751857065967
    },
    "6285895989962@s.whatsapp.net": {
      "vip": false,
      "afkTime": -1,
      "afkReason": "",
      "limit": 15,
      "uang": 10000,
      "lastclaim": 1751857154533,
      "lastbegal": 1751857154533,
      "lastrampok": 1751857154533
    },
    "6285849651170@s.whatsapp.net": {
      "vip": false,
      "afkTime": -1,
      "afkReason": "",
      "limit": 15,
      "uang": 10000,
      "lastclaim": 1751870843160,
      "lastbegal": 1751870843160,
      "lastrampok": 1751870843160
    },
    "6289660961457@s.whatsapp.net": {
      "vip": false,
      "afkTime": -1,
      "afkReason": "",
      "limit": 15,
      "uang": 10000,
      "lastclaim": 1751870893301,
      "lastbegal": 1751870893301,
      "lastrampok": 1751870893301
    },
    "6287738996358@s.whatsapp.net": {
      "vip": false,
      "afkTime": -1,
      "afkReason": "",
      "limit": 14,
      "uang": 10000,
      "lastclaim": 1751871108475,
      "lastbegal": 1751871108475,
      "lastrampok": 1751871108475
    },
    "6285137088591@s.whatsapp.net": {
      "vip": false,
      "afkTime": -1,
      "afkReason": "",
      "limit": 15,
      "uang": 10000,
      "lastclaim": 1751871113926,
      "lastbegal": 1751871113926,
      "lastrampok": 1751871113926
    },
    "6282113821188@s.whatsapp.net": {
      "vip": false,
      "afkTime": -1,
      "afkReason": "",
      "limit": 15,
      "uang": 10000,
      "lastclaim": 1752027897842,
      "lastbegal": 1752027897842,
      "lastrampok": 1752027897842
    },
    "601155600442@s.whatsapp.net": {
      "vip": false,
      "afkTime": -1,
      "afkReason": "",
      "limit": 15,
      "uang": 10000,
      "lastclaim": 1752028070067,
      "lastbegal": 1752028070067,
      "lastrampok": 1752028070067
    },
    "6285292168590@s.whatsapp.net": {
      "vip": false,
      "afkTime": -1,
      "afkReason": "",
      "limit": 15,
      "uang": 10000,
      "lastclaim": 1752028164938,
      "lastbegal": 1752028164938,
      "lastrampok": 1752028164938
    },
    "6283844756547@s.whatsapp.net": {
      "vip": false,
      "afkTime": -1,
      "afkReason": "",
      "limit": 15,
      "uang": 10000,
      "lastclaim": 1752028383666,
      "lastbegal": 1752028383666,
      "lastrampok": 1752028383666
    },
    "6281367052043@s.whatsapp.net": {
      "vip": false,
      "afkTime": -1,
      "afkReason": "",
      "limit": 15,
      "uang": 10000,
      "lastclaim": 1752028553054,
      "lastbegal": 1752028553054,
      "lastrampok": 1752028553054
    },
    "6287815048965@s.whatsapp.net": {
      "vip": false,
      "afkTime": -1,
      "afkReason": "",
      "limit": 15,
      "uang": 10000,
      "lastclaim": 1752043133335,
      "lastbegal": 1752043133335,
      "lastrampok": 1752043133335
    },
    "6283199347470@s.whatsapp.net": {
      "vip": false,
      "afkTime": -1,
      "afkReason": "",
      "limit": 15,
      "uang": 10000,
      "lastclaim": 1752044004729,
      "lastbegal": 1752044004729,
      "lastrampok": 1752044004729
    },
    "6285732703145@s.whatsapp.net": {
      "vip": false,
      "afkTime": -1,
      "afkReason": "",
      "limit": 15,
      "uang": 10000,
      "lastclaim": 1752046768828,
      "lastbegal": 1752046768828,
      "lastrampok": 1752046768828
    },
    "6285732037181@s.whatsapp.net": {
      "vip": false,
      "afkTime": -1,
      "afkReason": "",
      "limit": 15,
      "uang": 10000,
      "lastclaim": 1752047091303,
      "lastbegal": 1752047091303,
      "lastrampok": 1752047091303
    },
    "6282382590237@s.whatsapp.net": {
      "vip": false,
      "afkTime": -1,
      "afkReason": "",
      "limit": 15,
      "uang": 10000,
      "lastclaim": 1752047839535,
      "lastbegal": 1752047839535,
      "lastrampok": 1752047839535
    },
    "62895384644781@s.whatsapp.net": {
      "vip": false,
      "afkTime": -1,
      "afkReason": "",
      "limit": 14,
      "uang": 10000,
      "lastclaim": 1752047996149,
      "lastbegal": 1752047996149,
      "lastrampok": 1752047996149
    },
    "6288994264029@s.whatsapp.net": {
      "vip": false,
      "afkTime": -1,
      "afkReason": "",
      "limit": 15,
      "uang": 10000,
      "lastclaim": 1752111238811,
      "lastbegal": 1752111238811,
      "lastrampok": 1752111238811
    },
    "628568432910@s.whatsapp.net": {
      "vip": false,
      "afkTime": -1,
      "afkReason": "",
      "limit": 15,
      "uang": 10000,
      "lastclaim": 1752111769806,
      "lastbegal": 1752111769806,
      "lastrampok": 1752111769806
    },
    "6282297296494@s.whatsapp.net": {
      "vip": false,
      "afkTime": -1,
      "afkReason": "",
      "limit": 15,
      "uang": 10000,
      "lastclaim": 1752112149356,
      "lastbegal": 1752112149356,
      "lastrampok": 1752112149356
    },
    "120363303319343363@newsletter": {
      "vip": false,
      "afkTime": -1,
      "afkReason": "",
      "limit": 15,
      "uang": 10000,
      "lastclaim": 1752144464606,
      "lastbegal": 1752144464606,
      "lastrampok": 1752144464606
    },
    "6285186897551@s.whatsapp.net": {
      "vip": false,
      "afkTime": -1,
      "afkReason": "",
      "limit": 15,
      "uang": 10000,
      "lastclaim": 1752144482873,
      "lastbegal": 1752144482873,
      "lastrampok": 1752144482873
    },
    "62895622436299@s.whatsapp.net": {
      "vip": false,
      "afkTime": -1,
      "afkReason": "",
      "limit": 15,
      "uang": 10000,
      "lastclaim": 1752144507612,
      "lastbegal": 1752144507612,
      "lastrampok": 1752144507612
    }
  },
  "game": {
    "suit": [],
    "menfes": [],
    "tekateki": [],
    "akinator": [],
    "tictactoe": [],
    "tebaklirik": [],
    "kuismath": [],
    "tebaklagu": [],
    "tebakkata": [],
    "family100": [],
    "susunkata": [],
    "tebakbom": [],
    "tebakkimia": [],
    "caklontong": [],
    "tebakangka": [],
    "tebaknegara": [],
    "tebakgambar": [],
    "tebakbendera": []
  },
  "groups": {
    "120363198691979061@g.us": {
      "nsfw": false,
      "mute": false,
      "setinfo": true,
      "antilink": false,
      "antitoxic": false,
      "welcome": true,
      "antivirtex": false,
      "antidelete": false,
      "waktusholat": false
    },
    "120363402190592586@g.us": {
      "nsfw": false,
      "mute": false,
      "setinfo": true,
      "antilink": false,
      "antitoxic": false,
      "welcome": true,
      "antivirtex": false,
      "antidelete": false,
      "waktusholat": false
    },
    "120363377606972043@g.us": {
      "nsfw": false,
      "mute": false,
      "setinfo": true,
      "antilink": false,
      "antitoxic": false,
      "welcome": true,
      "antivirtex": false,
      "antidelete": false,
      "waktusholat": false
    },
    "120363402112912902@g.us": {
      "nsfw": false,
      "mute": false,
      "setinfo": true,
      "antilink": false,
      "antitoxic": false,
      "welcome": true,
      "antivirtex": false,
      "antidelete": false,
      "waktusholat": false
    }
  },
  "database": {}
}